<md:EntityDescriptor xmlns:md="urn:oasis:names:tc:SAML:2.0:metadata" entityID="http://www.okta.com/exk1dba9ciYEe8qRe5d7">
	<md:IDPSSODescriptor WantAuthnRequestsSigned="false" protocolSupportEnumeration="urn:oasis:names:tc:SAML:2.0:protocol">
		<md:KeyDescriptor use="signing">
			<ds:KeyInfo xmlns:ds="http://www.w3.org/2000/09/xmldsig#">
				<ds:X509Data>
					<ds:X509Certificate>MIIDqDCCApCgAwIBAgIGAXrOQpSBMA0GCSqGSIb3DQEBCwUAMIGUMQswCQYDVQQGEwJVUzETMBEG A1UECAwKQ2FsaWZvcm5pYTEWMBQGA1UEBwwNU2FuIEZyYW5jaXNjbzENMAsGA1UECgwET2t0YTEU MBIGA1UECwwLU1NPUHJvdmlkZXIxFTATBgNVBAMMDGRldi04OTI3ODkyNDEcMBoGCSqGSIb3DQEJ ARYNaW5mb0Bva3RhLmNvbTAeFw0yMTA3MjIxMjQ3MjdaFw0zMTA3MjIxMjQ4MjdaMIGUMQswCQYD VQQGEwJVUzETMBEGA1UECAwKQ2FsaWZvcm5pYTEWMBQGA1UEBwwNU2FuIEZyYW5jaXNjbzENMAsG A1UECgwET2t0YTEUMBIGA1UECwwLU1NPUHJvdmlkZXIxFTATBgNVBAMMDGRldi04OTI3ODkyNDEc MBoGCSqGSIb3DQEJARYNaW5mb0Bva3RhLmNvbTCCASIwDQYJKoZIhvcNAQEBBQADggEPADCCAQoC ggEBAI1F3crF0Z6jgx2OXfEC6p0XNW/YVoj1sL5Ij3bwf12SzDaN+RHlzaJ9TB2CMcLoaf1cvPz5 A7I0mvOFQZKHhBMl0uk1cCw5xlSEKZ8NDo6E/dauZfh83xMSsXMfsTihKLfTLMyM0ukre9bJ6ZQd Z7hZrK8jr0je/1u/9o0fAEV/QCo0wkk9F9/JPoPUx7If8hs5mk+3cjYcRo9kOlg7scoyvZV+t+iy jrdjBXLUtHWHAeBewqVTs11eMSJT7mu2o4iJLdiBI8wQoMixN/lG5WYa3cJZdns0wAmVkfATH/JQ Gx/dA9o41JmsQlXg00653cVNhqFTTUDmHcoJWRxfL8ECAwEAATANBgkqhkiG9w0BAQsFAAOCAQEA cq+TWpMYsZCevOYpgFk9cLUKHKPWjKLM0+L5sjsAHqSq40KJ+ufZgmxkITP8inzg4BSFroVPLHpu iMU1jdZ5H+sFOdKgn6uyr0CfnvZlf+1AnNerzX4yQB4a59myKRO1t71cYZoHr9vXOCJWXeLPuG0Z CJeMFIvWwGc9DmPXANR7ssZmn75mjKJj870+x1wyyPB8VPZrCerygjBhH+VRH6wtflN+BXcYb72Q obCaCvbBxx3DAoO0QPsWf49yP5KO1+YSJ6VhK0Y1UxS/cDejMvUsIY5EOZqLBX+t0MMfP8aBY6CK UoSpyI4CNw99v0RN3cjXzHF+fW2BOshkxcnTYw==</ds:X509Certificate>
				</ds:X509Data>
			</ds:KeyInfo>
		</md:KeyDescriptor>
		<md:NameIDFormat>urn:oasis:names:tc:SAML:1.1:nameid-format:unspecified</md:NameIDFormat>
		<md:NameIDFormat>urn:oasis:names:tc:SAML:1.1:nameid-format:emailAddress</md:NameIDFormat>
		<md:SingleSignOnService Binding="urn:oasis:names:tc:SAML:2.0:bindings:HTTP-POST" Location="https://dev-89278924.okta.com/app/dev-89278924_springsamlxml_1/exk1dba9ciYEe8qRe5d7/sso/saml"/>
		<md:SingleSignOnService Binding="urn:oasis:names:tc:SAML:2.0:bindings:HTTP-Redirect" Location="https://dev-89278924.okta.com/app/dev-89278924_springsamlxml_1/exk1dba9ciYEe8qRe5d7/sso/saml"/>
	</md:IDPSSODescriptor>
</md:EntityDescriptor>
